{
  "project_info": {
    "project_number": "825069470080",
    "project_id": "group4burgers",
    "storage_bucket": "group4burgers.appspot.com"
  },
  "client": [
    {
      "client_info": {
        "mobilesdk_app_id": "1:825069470080:android:7135822d4819ef39610165",
        "android_client_info": {
          "package_name": "com.example.fingerprintauth"
        }
      },
      "oauth_client": [
        {
          "client_id": "825069470080-0cki2cosrhuiuvmvbg2a2npmfdel76gp.apps.googleusercontent.com",
          "client_type": 3
        }
      ],
      "api_key": [
        {
          "current_key": "AIzaSyBhHZJtYVcswtYiMMgcJC7GplhG541pCSU"
        }
      ],
      "services": {
        "appinvite_service": {
          "other_platform_oauth_client": [
            {
              "client_id": "825069470080-0cki2cosrhuiuvmvbg2a2npmfdel76gp.apps.googleusercontent.com",
              "client_type": 3
            }
          ]
        }
      }
    }
  ],
  "configuration_version": "1"
}